filename,duration,model,transcription,processing_time,processing_time_per_duration,status
10699068999125924254.wav,6500.0,mlx_whisper," Moreover, failure to do so has serious consequences growth depression malnutrition and ultimately death.",756.9129467010498,0.11644814564631535,Success
10699068999125924254.wav,6500.0,apple_speech,Moreover failed to do so has serious consequences growth depression malnutrition and ultimately death,1210.9320163726807,0.1862972332881047,Success
10699068999125924254.wav,6500.0,whisper_cpp,"[t0=0, t1=600, text=Moreover, failure to do so has serious consequences, growth depression, malnutrition, and ultimately death.]",128.66497039794922,0.019794610830453727,Success
10699068999125924254.wav,6500.0,openai_whisper," Moreover, failures to do so has serious consequences, growth depression, malnutrition and ultimately death.",265.37275314331055,0.040826577406663164,Success
10699068999125924254.wav,6500.0,vosk,moreover feeling do so as serious consequences growth depression malnutrition and ultimately death,650.256872177124,0.10003951879648063,Success
10831187922368503525.wav,7860.0,mlx_whisper, It is reported that some 9400 homes in the region are without water and approximately 100 with electricity.,160.5849266052246,0.02043065223985046,Success
10831187922368503525.wav,7860.0,apple_speech,Is reported that some 9400 homes in the region are without water and approximately 100 without electricity,403.49292755126953,0.05133497805995796,Success
10831187922368503525.wav,7860.0,whisper_cpp,"[t0=0, t1=700, text=It is reported that some 9,400 homes in the region are without water and approximately 100 without electricity.]",121.48499488830566,0.015456106219886218,Success
10831187922368503525.wav,7860.0,openai_whisper," It is reported that some 9,400 homes in the region are without water and approximately 100 without electricity.",213.9909267425537,0.027225308745871972,Success
10831187922368503525.wav,7860.0,vosk,is reported that some ninety four hundred homes in the region or without water and approx nimbly a hundred without electricity,625.5416870117188,0.0795854563628141,Success
11199608579747069769.wav,9960.0,mlx_whisper," A cavalry is an army that fights on a horseback. The saddle had not yet been invented, so the Assyrian cavalry fought on the bare backs of their horses.",202.1491527557373,0.020296099674270814,Success
11199608579747069769.wav,9960.0,apple_speech,A cavalry is an army that fights on horseback the saddle had not yet been invented so that a Syrian cavalry fought on the bare backs of their horses,603.5587787628174,0.06059827096012223,Success
11199608579747069769.wav,9960.0,whisper_cpp,"[t0=0, t1=344, text=A cavalry is an army that fights on horseback., t0=344, t1=768, text=The saddle had not yet been invented, so that Assyrian cavalry fought on the bare backs, t0=768, t1=856, text=of their horses.]",138.79084587097168,0.013934823882627678,Success
11199608579747069769.wav,9960.0,openai_whisper," A cavalry is an army that fights on horseback. The saddle had not yet been invented, so that Assyrian cavalry fought on the bare backs of their horses.",295.60303688049316,0.029679019767117787,Success
11199608579747069769.wav,9960.0,vosk,a cavalry as an army that fights on horseback the saddle had not yet been invented so the assyrian cavalry fought on the bear backs of their horses,751.4669895172119,0.07544849292341485,Success
1121669659657424435.wav,4740.0,mlx_whisper, Visitors with limited time would be best to spend their time elsewhere.,146.79908752441406,0.03097027162962322,Success
1121669659657424435.wav,4740.0,apple_speech,Visitors with limited time would be best to spend their time elsewhere,302.86502838134766,0.06389557560787926,Success
1121669659657424435.wav,4740.0,whisper_cpp,"[t0=0, t1=408, text=Visitors with limited time would be best to spend their time elsewhere.]",102.00977325439453,0.021521049209787875,Success
1121669659657424435.wav,4740.0,openai_whisper, Visitors with limited time would be best to spend their time elsewhere.,181.58411979675293,0.03830888603307024,Success
1121669659657424435.wav,4740.0,vosk,visitors with limited time would be best to spend their time elsewhere,500.9198188781738,0.10567928668315904,Success
11298989867189411215.wav,15120.0,mlx_whisper," John Grant from W. N. D. Buffalo, Reading Rainbow's home station said, Reading Rainbow Talk is how to read the love of reading. The song courage kids to pick up a book and to read.",222.89633750915527,0.01474182126383302,Success
11298989867189411215.wav,15120.0,apple_speech,John Grant from WND Buffalo Reading Rainbow's home station said reading rainbow talk is how to read the love of reading the song courage kids to pick up a book and to read,1208.2908153533936,0.07991341371384877,Success
11298989867189411215.wav,15120.0,whisper_cpp,"[t0=0, t1=840, text=John Grant from WNED Buffalo, Reading Rainbow's Home Station, said, ""Reading Rainbow, t0=840, t1=1368, text=Talk is How to Read, the love of reading, the Sean Courage Kids to pick up a book and to read.""]",155.44891357421875,0.010281012802527694,Success
11298989867189411215.wav,15120.0,openai_whisper," John Grant from WNED Buffalo, Reading Rainbow's Home Station, said, Reading Rainbow Talk is how to read, the love of reading, the Sean Courage Kids to pick up a book and to read.",279.4969081878662,0.01848524525052025,Success
11298989867189411215.wav,15120.0,vosk,john grant from go you any the buffalo reading rainbows home station foot said reading rainbow talk is how to read the love of reading the show encourage kids to pick up a book and to read,921.1649894714355,0.060923610414777486,Success
11340155469403278539.wav,6000.0,mlx_whisper, Dark clouds are related to any volcanic activity that are reported at the base of the mountain.,153.39326858520508,0.025565544764200848,Success
11340155469403278539.wav,6000.0,apple_speech,Dark clouds and related to any volcanic activity are reported that the base of the mountain,504.70805168151855,0.08411800861358643,Success
11340155469403278539.wav,6000.0,whisper_cpp,"[t0=0, t1=544, text=Dark clouds are related to any volcanic activity or reported at the base of the mountain.]",102.15926170349121,0.017026543617248535,Success
11340155469403278539.wav,6000.0,openai_whisper, Dark clouds are related to any volcanic activity or reported at the base of the mountain.,202.5930881500244,0.03376551469167074,Success
11340155469403278539.wav,6000.0,vosk,the cloud send a letter to anyone can you do you do i reported at the base of the mountain,764.0781402587891,0.1273463567097982,Success
11730158932997602400.wav,11760.0,mlx_whisper," In addition, there are fewer time restrictions with the possibility of flexible working hours. Bremer, 1998.",157.81283378601074,0.013419458655273022,Success
11730158932997602400.wav,11760.0,apple_speech,In addition there are fewer time restrictions with the possibility of flexible working hours Bremmer 1998,503.74388694763184,0.04283536453636325,Success
11730158932997602400.wav,11760.0,whisper_cpp,"[t0=0, t1=700, text=In addition, there are fewer time restrictions with the possibility of flexible working hours., t0=700, t1=984, text=Verammer, 1998.]",118.38006973266602,0.010066332460260716,Success
11730158932997602400.wav,11760.0,openai_whisper," In addition, there are fewer time restrictions with the possibility of flexible working hours. Verummer, 1998.",217.64802932739258,0.01850748548702318,Success
11730158932997602400.wav,11760.0,vosk,in addition there are fewer time restrictions with the possibility of flexible working hours brammer nineteen ninety eight,730.0291061401367,0.062077304943889175,Success
13007780298853673823.wav,13740.0,mlx_whisper," This can be done in a normal car with careful planning, but a 4x4 is highly advised and many locations are only accessible with a high wheel base 4x4.",206.22992515563965,0.015009455979304196,Success
13007780298853673823.wav,13740.0,apple_speech,This can be done in a normal car with careful planning but a 4 x 4 is highly advised and many locations are early accessible with a high wheelbase 4 x 4,704.6940326690674,0.05128777530342558,Success
13007780298853673823.wav,13740.0,whisper_cpp,"[t0=0, t1=830, text=This can be done in a normal car with careful planning, but a 4x4 is highly advised and many, t0=830, t1=1264, text=locations are early accessible with a high wheel base 4x4.]",154.48331832885742,0.011243327389290934,Success
13007780298853673823.wav,13740.0,openai_whisper," This can be done in a normal car with careful planning, but a 4x4 is highly advised and many locations are early accessible, with a high wheel base 4x4.",270.3990936279297,0.01967970113740391,Success
13007780298853673823.wav,13740.0,vosk,this can be done in a normal car with careful planning but a four by four is highly advise day and many locations early accessible with a high wheelbase four by four,901.2250900268555,0.06559134570792252,Success
13013475117376630122.wav,6720.0,mlx_whisper, A couple may decide it's not in their best interest or in the interest of the child to raise a baby.,193.1619644165039,0.02874433994293213,Success
13013475117376630122.wav,6720.0,apple_speech,A couple may decide it's not in their best interest or in the interest of their child to raise a baby,302.2341728210449,0.04497532333646502,Success
13013475117376630122.wav,6720.0,whisper_cpp,"[t0=0, t1=512, text=A couple may decide it's not in their best interest or in the interest of the child to, t0=512, t1=588, text=raise a baby.]",118.90792846679688,0.017694632212320965,Success
13013475117376630122.wav,6720.0,openai_whisper, A couple may decide it's not in their best interest or in the interest of the child to raise a baby.,223.34623336791992,0.03323604663213094,Success
13013475117376630122.wav,6720.0,vosk,a couple may decide it's not in their best interest or in the interests of their child to raise a baby,643.4900760650635,0.09575745179539635,Success
13310918830133945153.wav,6900.0,mlx_whisper, These can be dangerous if the traveler pursue the mirage wasting precious energy and remaining water.,157.80305862426758,0.022870008496270664,Success
13310918830133945153.wav,6900.0,apple_speech,These can be dangerous if the traveler pursue the Mirage wasting precious energy and remaining water,403.1679630279541,0.05843013956926871,Success
13310918830133945153.wav,6900.0,whisper_cpp,"[t0=0, t1=600, text=These can be dangerous if the traveler pursue the mirage wasting precious energy and remaining water.]",109.8942756652832,0.015926706618156986,Success
13310918830133945153.wav,6900.0,openai_whisper, These can be dangerous if the traveler pursue the mirage wasting precious energy and remaining water.,205.0151824951172,0.02971234528914742,Success
13310918830133945153.wav,6900.0,vosk,these can be dangerous if the traveler pursue the mirage wasting precious energy and remaining water,597.8131294250488,0.08663958397464476,Success
1381204175168571986.wav,7020.0,mlx_whisper," Books and magazines dealing with wilderness survival are common, but publications dealing with war zones are few.",163.1031036376953,0.023234060347250046,Success
1381204175168571986.wav,7020.0,apple_speech,Books and magazines dealing with wilderness survival are common but publications dealing with war zones are few,402.88615226745605,0.057391189781688896,Success
1381204175168571986.wav,7020.0,whisper_cpp,"[t0=0, t1=600, text=Books and magazines dealing with wilderness survival are common, but publications dealing with war zones are few.]",108.45494270324707,0.015449422037499582,Success
1381204175168571986.wav,7020.0,openai_whisper," Books and magazines dealing with wilderness survival are common, but publications dealing with war zones are few.",213.2117748260498,0.030372047696018492,Success
1381204175168571986.wav,7020.0,vosk,books and magazines doing with wilderness survival are common but publications dealing with war zones are few,585.0338935852051,0.08333816147937394,Success
13933079168593607907.wav,9060.0,mlx_whisper," While authorities are unsure in the credibility of the threat, the Maryland Transportation Authority made the closure with the urging of the FBI.",182.0237636566162,0.020090923140906866,Success
13933079168593607907.wav,9060.0,apple_speech,While authorities are unsure in the credibility of the threat the Maryland Transportation Authority made the closure with the urging of the FBI,503.7341117858887,0.055599791587846434,Success
13933079168593607907.wav,9060.0,whisper_cpp,"[t0=0, t1=800, text=While authorities run short on the credibility of the threat, the Maryland Transportation Authority made the closure with the urging of the FBI.]",114.57991600036621,0.012646789845515035,Success
13933079168593607907.wav,9060.0,openai_whisper," While authorities run short on the credibility of the threat, the Maryland Transportation Authority made the closure with the urging of the FBI.",232.96117782592773,0.025713154285422486,Success
13933079168593607907.wav,9060.0,vosk,while authorities are ensuring the credibility of the threat the maryland transportation with really need the closure with their region of the f b i,839.0130996704102,0.0926063023918775,Success
14042918597356769937.wav,17460.0,mlx_whisper," Sincitary, which means five lands, comprises the five small coastal villages of Riga Mori, Manorola, Coringula, Varanza, and Montar also located in the Italian region of Laguria.",214.04695510864258,0.012259275779418247,Success
14042918597356769937.wav,17460.0,apple_speech,Secretary which means five lands comprises the five small coastal villages of Rigo Mori Manola Koringa Barraza and Monteroso located in the Italian region of LaGuardia,2120.086908340454,0.12142536702980837,Success
14042918597356769937.wav,17460.0,whisper_cpp,"[t0=0, t1=648, text=Cinke Teri, which means five lands, comprises the five small coastal villages of Riga, t0=648, t1=1576, text=Mori, Manarola, Coringula, Veranasa, and Monteralso, located in the Italian region of, t0=1576, t1=1644, text=Lagoria.]",174.84188079833984,0.01001385342487628,Success
14042918597356769937.wav,17460.0,openai_whisper," Cinke Teri, which means five lands, comprises the five small coastal villages of Riga Mori, Manarola, Coringula, Veranasa, and Monteralso, located in the Italian region of LaGoria.",397.7499008178711,0.022780635785674175,Success
14042918597356769937.wav,17460.0,vosk,sync terry which means five lands comprises the five small coastal villages of riga mori mana roller coring gyula veronica and montero so located in the italian region of the gloria,1030.9839248657227,0.05904833475748698,Success
14068525756450011144.wav,9000.0,mlx_whisper," It is still produced today, but more importantly, it's aspect ratio, as been inherited by digital camera image sensor formats.",167.0091152191162,0.01855656835767958,Success
14068525756450011144.wav,9000.0,apple_speech,It is still produced today but more importantly it's aspect ratio has been inherited by digital camera image sensor formats,402.81176567077637,0.04475686285230848,Success
14068525756450011144.wav,9000.0,whisper_cpp,"[t0=0, t1=800, text=It is still produced today, but more importantly, its aspect ratio has been inherited by digital camera image sensor formats.]",101.81117057800293,0.01131235228644477,Success
14068525756450011144.wav,9000.0,openai_whisper," It is still produced today, but more importantly, its aspect ratio has been inherited by digital camera image sensor formats.",205.59191703796387,0.02284354633755154,Success
14068525756450011144.wav,9000.0,vosk,it is still produce today but more importantly it's aspect ratio has been inherited by digital camera image sensor formats,743.0210113525391,0.08255789015028211,Success
14223464699748513050.wav,11340.0,mlx_whisper," Although most agencies are willing to take on most regular bookings, many agents specialize in particular types of travel, budget ranges or destinations.",165.88211059570312,0.014628052080749835,Success
14223464699748513050.wav,11340.0,apple_speech,Although most agencies are willing to take on most regular bookings many agents specialize in particular types of travel budget ranges or destinations,503.42512130737305,0.04439374967437152,Success
14223464699748513050.wav,11340.0,whisper_cpp,"[t0=0, t1=584, text=Although most agencies are willing to take on most regular bookings, many agents, t0=584, t1=1032, text=specialize in particular types of travel, budget ranges, or destinations.]",124.4349479675293,0.010973099468036093,Success
14223464699748513050.wav,11340.0,openai_whisper," Although most agencies are willing to take on most regular bookings, many agents specialize in particular types of travel, budget ranges, or destinations.",247.7250099182129,0.021845238969860042,Success
14223464699748513050.wav,11340.0,vosk,although most agencies are willing to take on most regular bookings many agents specialize in particular types of travel budget ranges or destinations,788.3272171020508,0.06951739127884046,Success
14256803970948631799.wav,9960.0,mlx_whisper," But the Royal Navy was still much stronger than the German Navy, Kriegs Marine, and could have destroyed any invasion fleet sent across the English Channel.",182.16681480407715,0.018289840843782847,Success
14256803970948631799.wav,9960.0,apple_speech,But the Royal Navy was still much stronger than the German navy creeks marine and could've destroyed any invasion fleet sent across the English Channel,603.7418842315674,0.06061665504333006,Success
14256803970948631799.wav,9960.0,whisper_cpp,"[t0=0, t1=604, text=But the Royal Navy was still much stronger than the German Navy, Creaks Marine, and could, t0=604, t1=936, text=have destroyed any invasion fleet sent across the English Channel.]",120.80812454223633,0.0121293297733169,Success
14256803970948631799.wav,9960.0,openai_whisper," But the Royal Navy was still much stronger than the German Navy, Creaks Marine, and could have destroyed any invasion fleet sent across the English Channel.",239.66383934020996,0.02406263447190863,Success
14256803970948631799.wav,9960.0,vosk,but the royal navy was still much stronger than the german navy creaks marine and could have destroyed any invasion fleet sent across the english channel,795.1328754425049,0.07983261801631575,Success
14415198828097579659.wav,8940.0,mlx_whisper," As the ability to obtain knowledge and learn changed in such a way as mentioned above, the base rate at which knowledge was obtained changed.",171.1139678955078,0.01914026486526933,Success
14415198828097579659.wav,8940.0,apple_speech,As the ability to obtain knowledge and learn changed in such a way as mentioned above the base rate at which knowledge was obtained changed,401.69405937194824,0.044932221406258195,Success
14415198828097579659.wav,8940.0,whisper_cpp,"[t0=0, t1=500, text=As the ability to obtain knowledge and learn changed in such a way as mentioned above,, t0=500, t1=800, text=the base rate at which knowledge was obtained changed.]",120.17416954040527,0.01344230084344578,Success
14415198828097579659.wav,8940.0,openai_whisper," As the ability to obtain knowledge and learn changed in such a way as mentioned above, the base rate at which knowledge was obtained changed.",241.77312850952148,0.027043974106210455,Success
14415198828097579659.wav,8940.0,vosk,as the ability to obtain knowledge and learn changed in such a way as mentioned above the base rate at which knowledge was obtained changed,712.8791809082031,0.07974040054901602,Success
1465347591733339550.wav,10320.0,mlx_whisper, Iy mosquitoesy mosquitoesy mosquitoesy mosquitoesy mosquitoesy mosquitoesy mosquitoesy mosquitoesy mosquitoesy mosquitoesy mosquitoesy mosquitoesy mosquitoesy mosquitoesy mosquitoesy mosquitoesy mosquitoesy mosquitoesy mosquitoesy mosquitoesy mosquitoesy mosquitoesy mosquitoesy mosquitoesy mosquitoesy mosquitoesy mosquitoesy mosquitoesy mosquitoesy mosquitoesy mosquitoesy mosquitoesy mosquitoesy mosquitoesy mosquitoesy mosquitoesy mosquitoesy mosquitoesy mosquitoesy mosquitoesy mosquitoesy mosquitoesy mosquitoesy mosquitoesy mosquitoesy mosquitoesy mosquitoesy mosquitoesy mosquitoesy mosquitoesy mosquitoesy mosquitoesy mosquitoesy mosquitoesy mosquitoesy mosquitoesy mosquitoesy mosquitoesy mosquitoesy mosquitoesy mosquitoesy mosquitoesy mosquitoesy mosquitoesy mosquitoesy mosquitoesy mosquitoesy mosquitoesy mosquitoesy mosquitoesy mosquitoesy mosquitoesy mosquitoesy mosquitoesy mosquitoesy mosquitoesy mosquitoesy mosquitoesy mosquitoesy mosquitoesy mosquitoesy mosquitoesy mosquitoesy mosquitoesy mosquitoesy mosquitoesy mosquitoesy mosquitoesy mosquitoesy mosquitoesy mosquitoesy mosquitoesy mosquitoesy mosquitoesy mosquitoesy mosquitoesy mosquitoesy mosquitoesy mosquitoesy mosquitoesy mosquitoesy mosquitoesy mosquitoesy mosquitoesy mosquitoesy mosquitoesy mosquitoesy mosquitoesy mosquitoesy mosquitoesy mosquitoes,3590.0259017944336,0.34787072691806525,Success
1465347591733339550.wav,10320.0,apple_speech,The cities of Harappa and Mohenjo-daro had a flush toilet in almost every house attached to a sophisticated system,906.796932220459,0.08786791978880416,Success
1465347591733339550.wav,10320.0,whisper_cpp,"[t0=0, t1=1000, text=The cities of Khara Pan Mohanjo, Dharu, had a flash toilet in almost every house, attached to a sophisticated sewage system.]",154.2530059814453,0.014946996703628422,Success
1465347591733339550.wav,10320.0,openai_whisper, The cities of Khara Pan Mohanjo Daro had a flash toilet in almost every house attached to a sophisticated sewage system.,238.08813095092773,0.0230705553247023,Success
1465347591733339550.wav,10320.0,vosk,the cities of her up and enjoy daughter had a real it in almost every else attached to a sophisticated sewage system,987.328052520752,0.09567132291867751,Success
15072411285443595825.wav,7440.0,mlx_whisper, Music is often recorded using sophisticated computers to process and mix sounds together.,152.58383750915527,0.020508580310370332,Success
15072411285443595825.wav,7440.0,apple_speech,Music is often recorded using sophisticated computers to process and mix sounds together,403.1548500061035,0.05418747983953004,Success
15072411285443595825.wav,7440.0,whisper_cpp,"[t0=0, t1=600, text=Music is often recorded using sophisticated computers to process and mix sounds together.]",103.87301445007324,0.013961426673396941,Success
15072411285443595825.wav,7440.0,openai_whisper, Music is often recorded using sophisticated computers to process and mix sounds together.,196.07877731323242,0.02635467437005812,Success
15072411285443595825.wav,7440.0,vosk,music is often recorded using sophisticated computers to process and mix sounds together,639.4202709197998,0.08594358480104836,Success
15369199871461233181.wav,10740.0,mlx_whisper," reindeer husband, dreie is an important livelihood among sami and their clotters around you. The trade is important also for many would other professions.",208.70709419250488,0.01943269033449766,Success
15369199871461233181.wav,10740.0,apple_speech,Reindeer husband tree is an important livelihood amongst Sammy and the culture surrounding the trade is important also for many with other professions,705.5270671844482,0.06569153325739742,Success
15369199871461233181.wav,10740.0,whisper_cpp,"[t0=0, t1=500, text=Rain Deer has been green, is an important livelihood among Sami and the, t0=500, t1=942, text=Cludger's surrounding the trade is important also for many with other, t0=942, t1=1204, text=professions.]",134.74106788635254,0.012545723266885711,Success
15369199871461233181.wav,10740.0,openai_whisper," Rain Deer has been, tree is an important livelihood among Sami and the Cludger's surrounding the trade is important also for many with other professions.",285.8467102050781,0.02661514992598493,Success
15369199871461233181.wav,10740.0,vosk,reindeer has been three is an important livelihood among sammy and the culture surrounding the trade is important also for many what other professions,873.7850189208984,0.08135800921051196,Success
15463674191913678833.wav,6720.0,mlx_whisper, Ring also settled a lawsuit with competing security company the ADT Corporation.,191.00213050842285,0.028422936087562925,Success
15463674191913678833.wav,6720.0,apple_speech,Ring also settle the lawsuit with competing security company the ADT corporation,301.4242649078369,0.04485480132557097,Success
15463674191913678833.wav,6720.0,whisper_cpp,"[t0=0, t1=600, text=Ring also settled a lawsuit with competing security company, the ADT Corporation.]",96.38595581054688,0.014343148186093285,Success
15463674191913678833.wav,6720.0,openai_whisper," Ring also settled a lawsuit with competing security company, the ADT Corporation.",208.71520042419434,0.031058809586933682,Success
15463674191913678833.wav,6720.0,vosk,ring also settled a lawsuit with competing security company the eighty ti corporation,568.493127822876,0.08459719164030892,Success
16170208603115931022.wav,8940.0,mlx_whisper," As the storm is far from landfall, it remains difficult to assess potential impact to the United States or Caribbean.",175.19474029541016,0.01959672710239487,Success
16170208603115931022.wav,8940.0,apple_speech,As the storm is far from landfall it remains difficult to assess potential impact to the United States or Caribbean,401.7362594604492,0.044936941774099466,Success
16170208603115931022.wav,8940.0,whisper_cpp,"[t0=0, t1=500, text=As the storm is far from landfall, it remains difficult to assess potential, t0=500, t1=800, text=in fact to the United States or Caribbean.]",133.5439682006836,0.014937804049293468,Success
16170208603115931022.wav,8940.0,openai_whisper," As the storm is far from landfall, it remains difficult to assess potential in fact to the United States or Caribbean.",237.54286766052246,0.026570790566053968,Success
16170208603115931022.wav,8940.0,vosk,as the storm is far from landfall it remains difficult to assess potential impact to the united states or caribbean,688.6420249938965,0.07702930928343361,Success
16203023464143229913.wav,6240.0,mlx_whisper," For a few pennies, some children will tell you the story.",157.6669216156006,0.025267134874294966,Success
16203023464143229913.wav,6240.0,apple_speech,For a few pennies some children will tell you the story,303.3459186553955,0.04861312798964672,Success
16203023464143229913.wav,6240.0,whisper_cpp,"[t0=0, t1=432, text=For a few pennies, some children will tell you the story.]",112.030029296875,0.017953530336037662,Success
16203023464143229913.wav,6240.0,openai_whisper," For a few pennies, some children will tell you the story.",194.1850185394287,0.03111939399670332,Success
16203023464143229913.wav,6240.0,vosk,for a few pennies some children will tell you the story,568.9349174499512,0.09117546754005627,Success
16524613950842113141.wav,12660.0,mlx_whisper," In inland regions of northern Indian Pakistan, yogurt is commonly used in curries. In southern India and some other coastal regions of the subcontinent, coconut milk is commonly used.",202.62718200683594,0.016005306635611054,Success
16524613950842113141.wav,12660.0,apple_speech,An inland regions of Northern Indian Pakistan yogurt is commonly used in curries in southern India and some other coastal regions of the subcontinent coconut milk is commonly used,703.6299705505371,0.05557898661536628,Success
16524613950842113141.wav,12660.0,whisper_cpp,"[t0=0, t1=512, text=In inland regions of northern India and Pakistan, yogurt is commonly used in, t0=512, t1=908, text=curries and southern India and some other coastal regions of the subcontinent,, t0=908, t1=1304, text=coconut milk is commonly used.]",161.6060733795166,0.01276509268400605,Success
16524613950842113141.wav,12660.0,openai_whisper," In inland regions of northern India and Pakistan, yogurt is commonly used in curries and southern India and some other coastal regions of the subcontinent, coconut milk is commonly used.",297.2853183746338,0.023482252636226997,Success
16524613950842113141.wav,12660.0,vosk,in england regions of northern india and pakistan yogurt is commonly used increase in southern india and some other coastal regions of the subcontinent coconut milk is commonly used,824.0261077880859,0.06508895006225007,Success
16813367910590073998.wav,10740.0,mlx_whisper," Curtis Cooper, a mathematician and computer science professor at the University of Central Missouri, has discovered the largest known prime number today on January 25th.",188.5671615600586,0.01755746383240769,Success
16813367910590073998.wav,10740.0,apple_speech,Curtis Cooper a mathematician and computer science professor at the University of Central Missouri has discovered the largest known prime number to date on January 25,504.3320655822754,0.04695829288475562,Success
16813367910590073998.wav,10740.0,whisper_cpp,"[t0=0, t1=580, text=Curtis Cooper, a mathematician and computer science professor at the University of Central Missouri,, t0=580, t1=972, text=has discovered the largest known prime number to date on January 25th.]",135.27894020080566,0.012595804487970732,Success
16813367910590073998.wav,10740.0,openai_whisper," Curtis Cooper, a mathematician and computer science professor at the University of Central Missouri, has discovered the largest known prime number to date on January 25th.",289.22510147094727,0.026929711496363806,Success
16813367910590073998.wav,10740.0,vosk,curtis cooper a mathematician and computer science professor at the university of central missouri has discovered the largest known prime number to date on january twenty fifth,815.8249855041504,0.07596135805439017,Success
17163255566122711394.wav,10200.0,mlx_whisper, Equator requires that Cuban citizens receive an invitation letter prior to entering Ecuador through international airports or frontier admission points.,169.3730354309082,0.016605199552049824,Success
17163255566122711394.wav,10200.0,apple_speech,Ecuador requires that Cuban citizens receive an invitation letter prior to entering Ecuador through international airports or frontier admission points,503.33380699157715,0.049346451665840896,Success
17163255566122711394.wav,10200.0,whisper_cpp,"[t0=0, t1=576, text=Ecuador requires that Cuban citizens receive an invitation letter prior to entering Ecuador, t0=576, t1=896, text=through international airports or frontier admission points.]",117.07305908203125,0.011477750890395221,Success
17163255566122711394.wav,10200.0,openai_whisper, Equidor requires that Cuban citizens receive an invitation letter prior to entering Equidor through international airports or frontier admission points.,237.7920150756836,0.023312942654478783,Success
17163255566122711394.wav,10200.0,vosk,ecuador requires that cuban citizens receive an invitation letter prior to entering ecuador through international airports or frontier admission points,751.7709732055664,0.07370303658878102,Success
17286796015073781105.wav,12060.0,mlx_whisper, The JAS-39C Grispen crashed into a runway around 9.30am local time and exploded causing the airport to close the airport to commercial flights.,185.21904945373535,0.01535813013712565,Success
17286796015073781105.wav,12060.0,apple_speech,The JAS 39C Grisman crashed into a runway around 9:30 AM local time and exploded causing the airport to closing the airport to commercial flights,806.1556816101074,0.06684541306883146,Success
17286796015073781105.wav,12060.0,whisper_cpp,"[t0=0, t1=1200, text=The JAS-39C Brisbane crashed into a runway around 9.30am local time and exploded, causing the airport to close in the airport to commercial flights.]",129.46105003356934,0.01073474710062764,Success
17286796015073781105.wav,12060.0,openai_whisper," The JAS-39C Brisbane crashed into a runway around 9.30am local time and exploded, causing the airport to close in the airport to commercial flights.",254.44984436035156,0.02109866039472235,Success
17286796015073781105.wav,12060.0,vosk,the j s three nine see grew spin crashed into a realm way around nine thirty am local time and exploded causing the airport to the closing airport to commercial flights,899.82008934021,0.07461194770648508,Success
1817943703308532619.wav,5460.0,mlx_whisper, Persian has a relatively easy and most regular grammar.,145.35903930664062,0.026622534671545902,Success
1817943703308532619.wav,5460.0,apple_speech,Persian has a relatively easy and most regular grammar,301.53822898864746,0.05522678186605265,Success
1817943703308532619.wav,5460.0,whisper_cpp,"[t0=0, t1=480, text=Persian has a relatively easy and most regular grammar.]",102.17118263244629,0.01871267081180335,Success
1817943703308532619.wav,5460.0,openai_whisper, Persian has a relatively easy and most regular grammar.,185.51301956176758,0.03397674350948124,Success
1817943703308532619.wav,5460.0,vosk,person has a relatively easy and most regular grammar,515.9223079681396,0.09449126519562998,Success
2272210760159527339.wav,13980.0,mlx_whisper, The sign was not physically damaged. The modification was done using black tarpulence decorated with signs of peace and heart to alter the O to relocate E.,201.94506645202637,0.014445283723320913,Success
2272210760159527339.wav,13980.0,apple_speech,The sign was not physically damaged the modification was done using black tarpaulins decorated with signs of peace and heart to alter the O to read lowercase E,1106.5549850463867,0.0791527170991693,Success
2272210760159527339.wav,13980.0,whisper_cpp,"[t0=0, t1=424, text=The sign was not physically damaged., t0=424, t1=976, text=The modification was done using black tarpolins decorated with signs of peace and heart, t0=976, t1=1244, text=to alter the o to re-lowercase e.]",176.11408233642578,0.01259757384380728,Success
2272210760159527339.wav,13980.0,openai_whisper, The sign was not physically damaged. The modification was done using black tarpolins decorated with signs of peace and heart to alter the o to re-lowercase e.,276.9908905029297,0.019813368419379807,Success
2272210760159527339.wav,13980.0,vosk,the sign was not physically damaged the modification was done using black tarpaulins decorated with signs of peace and heart to alter the old to read lower case he,918.626070022583,0.0657100193149201,Success
2665211433923201585.wav,6780.0,mlx_whisper," In late 2017, Siminoff appeared on Shopping Television Channel, QVC.",161.2842082977295,0.023788231312349483,Success
2665211433923201585.wav,6780.0,apple_speech,Elite 2017 Simov appeared on shopping television channel QVC,403.2011032104492,0.05946918926407806,Success
2665211433923201585.wav,6780.0,whisper_cpp,"[t0=0, t1=600, text=In late 2017, Siminoff appeared on Shopping Television Channel QVC.]",105.89599609375,0.01561887847990413,Success
2665211433923201585.wav,6780.0,openai_whisper," In late 2017, Siminoff appeared on Shopping Television Channel QVC.",222.68104553222656,0.032843812025402146,Success
2665211433923201585.wav,6780.0,vosk,in late two thousand and seventeen simonov appeared on shopping television channel qvc,617.591142654419,0.09109013903457507,Success
2913774196893839697.wav,4380.0,mlx_whisper, Liggen's followed his father's footsteps and entered a career in medicine.,151.98898315429688,0.03470068108545591,Success
2913774196893839697.wav,4380.0,apple_speech,Lincoln fell with his fathers footsteps and entered a career in medicine,402.70328521728516,0.09194138931901488,Success
2913774196893839697.wav,4380.0,whisper_cpp,"[t0=0, t1=400, text=The ligands fall with his father's footsteps and entered a career in medicine.]",91.08519554138184,0.020795706744607727,Success
2913774196893839697.wav,4380.0,openai_whisper, The ligands fall with his father's footsteps and entered a career in medicine.,204.15902137756348,0.046611648716338695,Success
2913774196893839697.wav,4380.0,vosk,wiggins forward his father's footsteps and insert a career in medicine,726.6309261322021,0.16589747171968086,Success
3082126087334226435.wav,7980.0,mlx_whisper, A moderate earthquake shook Western Montana at 10 o'clock PM on Monday.,151.5939235687256,0.018996732276782655,Success
3082126087334226435.wav,7980.0,apple_speech,A moderate earthquake shook Western Montana at 10:08 PM on Monday,401.72696113586426,0.05034172445311582,Success
3082126087334226435.wav,7980.0,whisper_cpp,"[t0=0, t1=792, text=A moderate earthquake shook Western Montana at 10.08 p.m. on Monday]",122.8938102722168,0.015400226851154986,Success
3082126087334226435.wav,7980.0,openai_whisper, A moderate earthquake shook Western Montana at 10 o'clock at 10 o'clock at 10 o'clock at 10 o'clock at 10 o'clock at 10 o'clock at 10 o'clock at 10 o'clock at 10 o'clock at 10 o'clock at 10 o'clock at 10 o'clock at 10 o'clock at 10 o'clock at 10 o'clock at 10 o'clock at 10 o'clock at 10 o'clock at 10 o'clock at 10 o'clock at 10 o'clock at 10 o'clock at 10 o'clock at 10 o'clock at 10 o'clock at 10 o'clock at 10 o'clock at 10 o'clock at 10 o'clock at 10 o'clock at 10 o'clock at 10 o'clock at 10 o'clock at 10 o'clock at 10 o'clock at 10 o'clock at 10 o'clock at 10 o'clock at 10 o'clock at 10 o'clock at 10 o'clock at 10 o'clock at 10 o'clock at 10 o'clock at 10 o'clock at 10 o'clock at 10 o'clock at 10 o',1043.9627170562744,0.13082239562108702,Success
3082126087334226435.wav,7980.0,vosk,a moderate earthquake shook western montana at ten o eight pm on monday,623.3811378479004,0.07811793707367173,Success
3096247342931718580.wav,10740.0,mlx_whisper," The store I'm located approximately 3000 miles from Miami, Florida has maximum sustain winds of 40 miles per hour, 64 kilometers per hour.",179.13436889648438,0.016679177737102827,Success
3096247342931718580.wav,10740.0,apple_speech,The storm located approximately 3000 miles from Miami Florida has maximum sustained winds at 40 mph 64 km/h,503.7221908569336,0.046901507528578544,Success
3096247342931718580.wav,10740.0,whisper_cpp,"[t0=0, t1=564, text=The store is located approximately 3000 miles from Miami, Florida, has maximum, t0=564, t1=1188, text=sustained winds of 40 miles per hour, 64 kilometers per hour.]",125.1211166381836,0.011650010860166071,Success
3096247342931718580.wav,10740.0,openai_whisper," The store is located approximately 3000 miles from Miami, Florida, has maximum sustained winds of 40 miles per hour, 64 kilometers per hour.",238.79504203796387,0.022234175236309484,Success
3096247342931718580.wav,10740.0,vosk,the store located approximately three thousand miles from miami florida has maximum sustained winds of forty mph sixty four kilometers per hour,807.5978755950928,0.075195332923193,Success
3371041378328388906.wav,8700.0,mlx_whisper," He went on to say, this case is serious. Rest assured that our system is working as well as it should.",181.82873725891113,0.020899854857346106,Success
3371041378328388906.wav,8700.0,apple_speech,He went on to say this case is serious rest assured that our system is working as well as it should,402.69017219543457,0.04628622668913041,Success
3371041378328388906.wav,8700.0,whisper_cpp,"[t0=0, t1=700, text=He went on to say, ""This case is serious. Rest assured that our system is working as well as it should.""]",121.62303924560547,0.013979659683402928,Success
3371041378328388906.wav,8700.0,openai_whisper," He went on to say, this case is serious. Rest assured that our system is working as well as it should.",231.65106773376465,0.026626559509628122,Success
3371041378328388906.wav,8700.0,vosk,he went on to say this case a serious rest assured that our system is working as well as shirt,661.5219116210938,0.0760370013357579,Success
3473631006641637733.wav,11340.0,mlx_whisper," Despite these accusations, Ma Wang handled it on a platform, advocating close-ur-ties with the Chinese mainland.",165.30990600585938,0.014577593122209822,Success
3473631006641637733.wav,11340.0,apple_speech,Despite these accusations Ma won handling on a platform advocating closer ties with the Chinese mainland,1007.1568489074707,0.08881453694069406,Success
3473631006641637733.wav,11340.0,whisper_cpp,"[t0=0, t1=840, text=Despite these accusations, Ma Wang handily on a platform advocating closer ties with the Chinese mainland.]",104.74705696105957,0.009236953876636646,Success
3473631006641637733.wav,11340.0,openai_whisper," Despite these accusations, Ma Wang handily on a platform advocating closer ties with the Chinese mainland.",210.1919651031494,0.01853544665812605,Success
3473631006641637733.wav,11340.0,vosk,despite these accusations more won handily on april platform advocating closer ties with a chinese mainland,721.8508720397949,0.0636552797213223,Success
3497971577347973332.wav,10740.0,mlx_whisper," San Francisco has developed a large tourist infrastructure with numerous hotels, restaurants, and top-notch convention facilities.",166.26214981079102,0.015480647095976817,Success
3497971577347973332.wav,10740.0,apple_speech,San Francisco has developed a large tourist infrastructure with numerous hotels restaurants and top-notch convention facilities,707.3099613189697,0.06585753829785565,Success
3497971577347973332.wav,10740.0,whisper_cpp,"[t0=0, t1=784, text=San Francisco has developed a large tourist infrastructure with numerous hotels, restaurants,, t0=784, t1=1020, text=and top notch convention facilities.]",113.38090896606445,0.010556881654195945,Success
3497971577347973332.wav,10740.0,openai_whisper," San Francisco has developed a large tourist infrastructure with numerous hotels, restaurants, and top notch convention facilities.",216.09091758728027,0.020120197168275632,Success
3497971577347973332.wav,10740.0,vosk,san francisco has developed a large terrorist infrastructure with numerous hotels restaurants and top notch convention facilities,822.2739696502686,0.07656182212758553,Success
3506272479884960660.wav,17220.0,mlx_whisper," The Chaco region was home to other groups of indigenous tribes such as the Igual Curial Curial and Pai Yagu, who survived by hunting, gathering and fishing.",197.94511795043945,0.011495070728829236,Success
3506272479884960660.wav,17220.0,apple_speech,The Choco region was home to other groups of indigenous tribes such as the curial Kyo and Yago who survived by hunting gathering and fishing,1510.7839107513428,0.08773425730263315,Success
3506272479884960660.wav,17220.0,whisper_cpp,"[t0=0, t1=760, text=The Chaka region was home to other groups of indigenous tribes such as the Guag, t0=760, t1=1676, text=Kirio Kiryu and Pye Yagu Gua who survived by hunting, gathering and fishing.]",164.46685791015625,0.009550920900705938,Success
3506272479884960660.wav,17220.0,openai_whisper," The Chaka region was home to other groups of indigenous tribes such as the Guag Curio Kiryu and Pye Yagu Gua who survived by hunting, gathering and fishing.",287.5809669494629,0.016700404584753942,Success
3506272479884960660.wav,17220.0,vosk,the chaco region was home to other groups of indigenous tribes such as the groin curio care you and pay jago one who survived by hunting gathering and fishing,996.931791305542,0.057893832247708596,Success
4271045797224624224.wav,12900.0,mlx_whisper, Singapore is generally an extremely safe place to be and very easy to navigate and you can buy almost anything after arriving.,169.3398952484131,0.01312712366266768,Success
4271045797224624224.wav,12900.0,apple_speech,Singapore is generally an extremely safe place to be and very easy to navigate and you can buy almost anything after arriving,603.1579971313477,0.04675643388615098,Success
4271045797224624224.wav,12900.0,whisper_cpp,"[t0=0, t1=700, text=Singapore is generally an extremely safe place to be and very easy to navigate, t0=700, t1=1300, text=and you can buy almost anything after arriving.]",137.7871036529541,0.010681170825810396,Success
4271045797224624224.wav,12900.0,openai_whisper, Singapore is generally an extremely safe place to be and very easy to navigate and you can buy almost anything after arriving.,227.07891464233398,0.01760301663894062,Success
4271045797224624224.wav,12900.0,vosk,singapore is generally and extremely safe place to be and very easy to navigate and you can buy almost anything after arriving,814.3448829650879,0.06312751030737115,Success
4415114128468814301.wav,14880.0,mlx_whisper," However, Star Alliance covers everything except the Eastern South Pacific from Santiago the Chile to Tahiti, which is a LATAM one world flight.",186.11407279968262,0.01250766618277437,Success
4415114128468814301.wav,14880.0,apple_speech,However star alliance covers everything except the eastern South Pacific from Santiago de Chile to Tahiti which is a LA ATAM one world flight,705.2936553955078,0.0473987671636766,Success
4415114128468814301.wav,14880.0,whisper_cpp,"[t0=0, t1=644, text=However, Star Alliance covers everything except the Eastern South Pacific from San, t0=644, t1=1348, text=Diego de Chile to Tahiti, which is a LATAM One World Flight.]",155.82609176635742,0.010472183586448752,Success
4415114128468814301.wav,14880.0,openai_whisper," However, Star Alliance covers everything except the Eastern South Pacific from San Diego de Chile to Tahiti, which is a LATAM One World Flight.",250.43296813964844,0.016830172590030137,Success
4415114128468814301.wav,14880.0,vosk,however star alliance covers everything except the eastern south pacific from san diego the chili to tahiti which is a l a t m one world flight,920.6740856170654,0.061873258442007084,Success
4819016172027492368.wav,13380.0,mlx_whisper," There are many French wines to be art, but the New Zealand and Australian wines might travel better.",165.05026817321777,0.012335595528641089,Success
4819016172027492368.wav,13380.0,apple_speech,There are many French wines to be added but the New Zealand and Australian wine my travel better,605.3860187530518,0.045245591835056186,Success
4819016172027492368.wav,13380.0,whisper_cpp,"[t0=0, t1=1100, text=There are many French wines to be art, but in New Zealand and Australian wines might travel better.]",127.68197059631348,0.009542748176107136,Success
4819016172027492368.wav,13380.0,openai_whisper," There are many French wines to be art, but in New Zealand and Australian wines might travel better.",221.98820114135742,0.016591046423120884,Success
4819016172027492368.wav,13380.0,vosk,there are many french wines to be odd but in new zealand an australian wines my travel better,829.740047454834,0.06201345646149731,Success
5239979474089210654.wav,12900.0,mlx_whisper," protests also took place in Barrett, Paris, Sofia, Bulgaria, Films, New York, San Lutonia, Valeta, and Malta, Tallinn, and Estonia, and Edinburgh, and Glasgow in Scotland.",226.93109512329102,0.017591557761495426,Success
5239979474089210654.wav,12900.0,apple_speech,Protest also took place in Barrett Paris Sophia in Bulgaria Vilnius and Lithuania Valle and Malta Talon and Estonia and Edinburgh and Glasgow and Scotland,1612.6549243927002,0.12501200964284498,Success
5239979474089210654.wav,12900.0,whisper_cpp,"[t0=0, t1=1200, text=Protests also took place in Barrett, Paris, Sophia and Bulgaria, Vilnius in Lithuania, Valerta and Malta, Talon and Estonia, and Edinburgh and Glasgow in Scotland.]",143.18418502807617,0.011099549226982648,Success
5239979474089210654.wav,12900.0,openai_whisper," Protests also took place in Barrett, Paris, Sophia and Bulgaria, Vilnius in Lithuania, Valeta and Malta, Talon and Estonia, and Edinburgh and Glasgow and Scotland.",291.5618419647217,0.02260169317555982,Success
5239979474089210654.wav,12900.0,vosk,protests also took place and barrett paris sofia bulgaria film use in lithuania day in malta talent in estonia and edinburgh and glasgow in scotland,1042.2728061676025,0.08079634156338004,Success
5373318937899426060.wav,11580.0,mlx_whisper," The typical visit involves flying into Orlando International Airport, busing to an on-site Disney hotel, spinning about a week without leaving Disney property and returning home.",198.807954788208,0.01716821716651192,Success
5373318937899426060.wav,11580.0,apple_speech,The typical visit involves flying into Orlando international Airport busing to an on-site Disney hotel spending about a week without leaving Disney property and returning home,604.2449474334717,0.05218004727404764,Success
5373318937899426060.wav,11580.0,whisper_cpp,"[t0=0, t1=476, text=The typical visiting involves flying into Orlando International Airport,, t0=476, t1=726, text=busing to an on-site Disney hotel,, t0=726, t1=1112, text=spending about a week without leaving Disney property and returning home.]",156.20708465576172,0.013489385548856798,Success
5373318937899426060.wav,11580.0,openai_whisper," The typical visiting involves flying into Orlando International Airport, busing to an on-site Disney hotel, spending about a week without leaving Disney property and returning home.",268.47195625305176,0.023184106757603778,Success
5373318937899426060.wav,11580.0,vosk,the typical visit involves flying into orlando international airport bussing to on site does new hotel spinning about a week without leaving disney property and returning home,981.1761379241943,0.08473023643559537,Success
5419737510000921479.wav,9000.0,mlx_whisper, It can usually be replenished fairly easily if you run out and gives resolution roughly comparable to a current DSLR.,177.71291732788086,0.019745879703097872,Success
5419737510000921479.wav,9000.0,apple_speech,It can usually be replenished fairly easily if you run out and gives resolution roughly comparable to a current DSLR,504.47797775268555,0.056053108639187284,Success
5419737510000921479.wav,9000.0,whisper_cpp,"[t0=0, t1=542, text=It can usually be replenished fairly easily if you run out, and gives resolution roughly, t0=542, t1=798, text=comparable to a current DSLR.]",128.64995002746582,0.014294438891940646,Success
5419737510000921479.wav,9000.0,openai_whisper," It can usually be replenished fairly easily if you run out, and gives resolution roughly comparable to a current DSLR.",230.67498207092285,0.02563055356343587,Success
5419737510000921479.wav,9000.0,vosk,it can usually be replenished fairly easily if you run out and gives resolution roughly comparable to a current dslr,681.0271739959717,0.07566968599955241,Success
5742900957630272514.wav,6780.0,mlx_whisper, The tourist season for the hills stations generally peaks during the Indian summer.,143.65005493164062,0.021187323736230182,Success
5742900957630272514.wav,6780.0,apple_speech,The tourist season for the Hill stations generally peak during the Indian summer,401.8290042877197,0.059266814791699075,Success
5742900957630272514.wav,6780.0,whisper_cpp,"[t0=0, t1=616, text=The tourist season for the hillstations generally peaks during the Indian summer.]",96.82464599609375,0.01428092123836191,Success
5742900957630272514.wav,6780.0,openai_whisper, The tourist season for the hill stations generally peaks during the Indian summer.,190.99903106689453,0.028170948534940198,Success
5742900957630272514.wav,6780.0,vosk,the tourist season for the hills stations generally peak during the indian summer,505.4900646209717,0.07455605672875688,Success
5753302819767757210.wav,10200.0,mlx_whisper, The truck driver who is aged 64 was not injured in the crash.,144.38509941101074,0.014155401903040269,Success
5753302819767757210.wav,10200.0,apple_speech,The truck driver who is aged 64 was not injured in the crash,402.50587463378906,0.03946136025821462,Success
5753302819767757210.wav,10200.0,whisper_cpp,"[t0=0, t1=820, text=The truck driver, who is aged 64, was not injured in the crash.]",102.80418395996094,0.010078841564702052,Success
5753302819767757210.wav,10200.0,openai_whisper," The truck driver, who is aged 64, was not injured in the crash.",193.63903999328613,0.018984219607184914,Success
5753302819767757210.wav,10200.0,vosk,the truck driver who is aged sixty four was not injured in the crash,702.2249698638916,0.06884558528077368,Success
5945662335976330451.wav,10500.0,mlx_whisper, It release national football along with German national football team is the second most successful team in the world and we're the FIFA World Cup Champions in 2006.,187.76822090148926,0.017882687704903737,Success
5945662335976330451.wav,10500.0,apple_speech,It's national football along with a German national football team is the second most successful team in the world and where the FIFA World Cup champions in 2006,604.4867038726807,0.05757016227358863,Success
5945662335976330451.wav,10500.0,whisper_cpp,"[t0=0, t1=524, text=Italy's national football, along with German national football team, is the second most, t0=524, t1=1016, text=successful team in the world, and where the FIFA World Cup Champions in 2006.]",137.79592514038086,0.013123421441941034,Success
5945662335976330451.wav,10500.0,openai_whisper," Italy's national football, along with German national football team, is the second most successful team in the world, and where the FIFA World Cup Champions in 2006.",265.98501205444336,0.025331905909946988,Success
5945662335976330451.wav,10500.0,vosk,the movies national football along with german national football team is the second most successful team in the world and where the fifa world cup champions in two thousand and six,867.6900863647461,0.08263715108235677,Success
5973677937044150318.wav,8340.0,mlx_whisper," This provides us with a lot of information and material to build simulation models, which help us to understand processes in our mind.",178.57003211975098,0.021411274834502517,Success
5973677937044150318.wav,8340.0,apple_speech,This provides us with a lot of information and material to build simulation models which help us to understand processes in our mind,402.18591690063477,0.048223731043241576,Success
5973677937044150318.wav,8340.0,whisper_cpp,"[t0=0, t1=500, text=This provides us with a lot of information and material to build simulation models,, t0=500, t1=800, text=which help us to understand processes in our mind.]",129.0898323059082,0.0154783971589818,Success
5973677937044150318.wav,8340.0,openai_whisper," This provides us with a lot of information and material to build simulation models, which help us to understand processes in our mind.",229.7358512878418,0.027546265142427074,Success
5973677937044150318.wav,8340.0,vosk,this provides us with a lot of information and material to build simulation models which help us to understand processes in our mind,712.0749950408936,0.08538069484902801,Success
6050615191585221567.wav,12000.0,mlx_whisper," According to the lawsuit, waste from the UN camp was not properly sanitized, causing bacteria to enter the tributary of the art-tibbonite river one of Haiti's largest.",195.66082954406738,0.016305069128672283,Success
6050615191585221567.wav,12000.0,apple_speech,According to the lawsuit waste from the UN camp was not properly sanitized causing bacteria to enter the tributary of the Artibonite river one of Hades largest,603.4741401672363,0.05028951168060303,Success
6050615191585221567.wav,12000.0,whisper_cpp,"[t0=0, t1=520, text=According to the lawsuit, waste from the UN camp was not properly sanitized,, t0=520, t1=1104, text=causing bacteria to enter the tributary of the Artibbonite River, one of Haiti's largest.]",142.15993881225586,0.011846661567687988,Success
6050615191585221567.wav,12000.0,openai_whisper," According to the lawsuit, waste from the UN camp was not properly sanitized, causing bacteria to enter the tributary of the Artibbonite River, one of Haiti's largest.",271.6093063354492,0.022634108861287434,Success
6050615191585221567.wav,12000.0,vosk,according to the lawsuit waste from the you and camp was not properly sanitized causing bacteria to enter the tributary of the artibonite river one of haiti's largest,844.8421955108643,0.07040351629257202,Success
609476255896872342.wav,8640.0,mlx_whisper, population in the collection of organisms of a particular species within a given geographic area.,151.75294876098633,0.017563998699188232,Success
609476255896872342.wav,8640.0,apple_speech,A population in the collection of organisms of a particular species within a given geographic area,404.3259620666504,0.04679698635030676,Success
609476255896872342.wav,8640.0,whisper_cpp,"[t0=0, t1=800, text=a population in the collection of organisms of a particular species within a given geographic area.]",102.91600227355957,0.011911574337217543,Success
609476255896872342.wav,8640.0,openai_whisper, a population in the collection of organisms of a particular species within a given geographic area.,198.37427139282227,0.022959985114909983,Success
609476255896872342.wav,8640.0,vosk,the population in the collection of organisms of a particular species within a given geographic area,640.3861045837402,0.07411876210459957,Success
6132359531835551879.wav,9600.0,mlx_whisper," One of the most prominent apps in this category is Google Translate, which allows offline translation after downloading the desired language data.",178.62462997436523,0.01860673228899638,Success
6132359531835551879.wav,9600.0,apple_speech,One of the most prominent apps in this categories Google translate which allows off-line translation after downloading the desired language data,401.9441604614258,0.04186918338139852,Success
6132359531835551879.wav,9600.0,whisper_cpp,"[t0=0, t1=900, text=One of the most prominent apps in this category is Google Translate, which allows offline translation after downloading the desired language data.]",113.05999755859375,0.011777083079020182,Success
6132359531835551879.wav,9600.0,openai_whisper," One of the most prominent apps in this category is Google Translate, which allows offline translation after downloading the desired language data.",234.9410057067871,0.024473021427790325,Success
6132359531835551879.wav,9600.0,vosk,one of the most prominent apps and this categories google translate which allows offline translation after downloading the desired language data,755.8870315551758,0.07873823245366414,Success
6139309963404988486.wav,10080.0,mlx_whisper, Filters vary in effectiveness and you should have a concern. Then you should consider buying your water in a sealed bottle from a reputable company.,177.0608425140381,0.017565559773218064,Success
6139309963404988486.wav,10080.0,apple_speech,Filters very effectiveness and you should have a concern then you should consider buying your water in a sealed bottle from a reputable company,502.5153160095215,0.04985270992157951,Success
6139309963404988486.wav,10080.0,whisper_cpp,"[t0=0, t1=540, text=Filters vary in effectiveness and you should have a concern. Then you should, t0=540, t1=1080, text=consider buying your water in a sealed bottle from a reputable company.]",120.46170234680176,0.01195056570900811,Success
6139309963404988486.wav,10080.0,openai_whisper, Filters vary in effectiveness and you should have a concern. Then you should consider buying your water in a sealed bottle from a reputable company.,236.78326606750488,0.023490403379712785,Success
6139309963404988486.wav,10080.0,vosk,filters are very effectiveness and you should have a concern then you should consider buying your water in a sealed bottle from a reputable company,855.5736541748047,0.08487833870781793,Success
6354219678064584497.wav,14820.0,mlx_whisper," Most of the monasteries do provide wraps for women who come and prepared, but if you bring your own, especially one with bright colors, you'll get a smile from the mock or none at the entrance.",252.69460678100586,0.017050918136370167,Success
6354219678064584497.wav,14820.0,apple_speech,Most of the monasteries do provide wraps for women who come and prepared but if you bring your own especially one with bright colors you'll get a smile from the mock or none at the entrance,704.6141624450684,0.04754481527969422,Success
6354219678064584497.wav,14820.0,whisper_cpp,"[t0=0, t1=720, text=Most of the monasteries do provide wraps for women who come and prepared, but if you bring, t0=720, t1=1304, text=your own, especially one with bright colors, you'll get a smile from the mawk or none at the entrance.]",158.63704681396484,0.010704254170982783,Success
6354219678064584497.wav,14820.0,openai_whisper," Most of the monasteries do provide wraps for women who come and prepared, but if you bring your own, especially one with bright colors, you'll get a smile from the mawk or none at the entrance.",300.5549907684326,0.020280363749556857,Success
6354219678064584497.wav,14820.0,vosk,most of the monasteries do provide wraps for women who common prepared but if you bring your own especially one with bright colors you'll get a smiled from the mark or none at the entrance,964.9679660797119,0.06511254831846909,Success
7356353351705232823.wav,17280.0,mlx_whisper," Mysticism can be distinguished from other forms of religious belief in the worship by its emphasis on the direct personal experience of a unique state of consciousness, particularly those of a peaceful and insightful blissful or even aesthetic character.",219.5436954498291,0.012705074968161407,Success
7356353351705232823.wav,17280.0,apple_speech,Mysticism can be distinguished from other forms of religious belief and worship by its emphasis on the direct personal experience of a unique state of consciousness particularly those of a peaceful insightful blissful or even a ecstatic character,805.1309585571289,0.04659322676835237,Success
7356353351705232823.wav,17280.0,whisper_cpp,"[t0=0, t1=568, text=Mysticism can be distinguished from other forms of religious belief in the worship by its, t0=568, t1=1160, text=emphasis on the direct personal experience of a unique state of consciousness, particularly, t0=1160, t1=1668, text=those of a peaceful, insightful, blissful or even a static character.]",161.53430938720703,0.009348050311759667,Success
7356353351705232823.wav,17280.0,openai_whisper," Mysticism can be distinguished from other forms of religious belief in the worship by its emphasis on the direct personal experience of a unique state of consciousness, particularly those of a peaceful, insightful, blissful or even a static character.",303.2231330871582,0.017547635016617952,Success
7356353351705232823.wav,17280.0,vosk,mysticism can be distinguished from other forms of religious belief in a worship by it's emphasis on the direct personal experience of a unique state of consciousness particularly those of a peaceful insightful blissful or even a static character,1131.2057971954346,0.06546329844880987,Success
7481292955276840398.wav,5640.0,mlx_whisper," After all, the leader is ultimately responsible for the success and failure of the team.",154.282808303833,0.02735510785528954,Success
7481292955276840398.wav,5640.0,apple_speech,After all the leader is ultimately responsible for the success and failure of the team,302.6406764984131,0.05365969441461225,Success
7481292955276840398.wav,5640.0,whisper_cpp,"[t0=0, t1=500, text=After all, the leader is ultimately responsible for the success and failure of the team.]",98.74677658081055,0.01750829372000187,Success
7481292955276840398.wav,5640.0,openai_whisper," After all, the leader is ultimately responsible for the success and failure of the team.",195.83702087402344,0.03472287604149352,Success
7481292955276840398.wav,5640.0,vosk,after all the leader is ultimately responsible for the success and failure of the team,643.04518699646,0.11401510407738652,Success
7695949897347636305.wav,18840.0,mlx_whisper," As a result of this, a big scandal within the Greek legal community has been raised through the exposure of illegal actions that judges lawyers, solicitors and attorneys have done during the previous year.",209.183931350708,0.011103181069570488,Success
7695949897347636305.wav,18840.0,apple_speech,As a result of this a big scandal within the Greek legal community has been raised through the exposure of illegal actions that judges lawyers solicitors and attorneys have done during the previous year,806.3008785247803,0.042797286545901286,Success
7695949897347636305.wav,18840.0,whisper_cpp,"[t0=0, t1=852, text=As a result of this, a big scandal within the Greek legal community has been raised through, t0=852, t1=1572, text=the exposure of illegal actions that judges lawyers, solicitors, and attorneys have done during, t0=1572, t1=1676, text=the previous year.]",156.64982795715332,0.008314746706855272,Success
7695949897347636305.wav,18840.0,openai_whisper," As a result of this, a big scandal within the Greek legal community has been raised through the exposure of illegal actions that judges lawyers, solicitors, and attorneys have done during the previous year.",290.76099395751953,0.015433173776938404,Success
7695949897347636305.wav,18840.0,vosk,as a result of this a big scandal within the greek legal community has been race through the exposure of illegal actions that judges lawyers solicitors and attorneys have done during the previous year,1047.52516746521,0.0556011235384931,Success
7810161337190675714.wav,8640.0,mlx_whisper, The end core pass is needed to enter the temple so do not forget to bring your passport along when heading to Tumla Set.,172.21784591674805,0.01993262105517917,Success
7810161337190675714.wav,8640.0,apple_speech,The Encor pass is needed to enter the temple so do not forget to bring your passport along when heading to Tulis,502.57205963134766,0.05816806245733191,Success
7810161337190675714.wav,8640.0,whisper_cpp,"[t0=0, t1=492, text=The end core pass is needed to enter the temple so do not forget to bring your, t0=492, t1=968, text=passport along when heading to Tomla Sapp.]",120.04899978637695,0.013894560160460296,Success
7810161337190675714.wav,8640.0,openai_whisper, The end core pass is needed to enter the temple so do not forget to bring your passport along when heading to Tomla Sapp.,241.61386489868164,0.02796456769660667,Success
7810161337190675714.wav,8640.0,vosk,the ankle pass is needed to enter the temple so do not forget to bring your passport along when heading to tomlin said,738.5919094085693,0.08548517470006589,Success
8428719649258172851.wav,11880.0,mlx_whisper," When the tenants started sharing what had occurred to them, most of the families involved suddenly realized that Carolyn Wilson of the OHA had stolen their security deposits and skipped out of town.",197.07727432250977,0.016588996155093415,Success
8428719649258172851.wav,11880.0,apple_speech,When the tenant started sharing what had occurred to them most of the families involved suddenly realize that Carolyn Wilson of the OHA had stolen their security deposit and skipped out of town,602.9350757598877,0.0507521107541993,Success
8428719649258172851.wav,11880.0,whisper_cpp,"[t0=0, t1=516, text=When the tenants started sharing what had occurred to them, most of the families involved, t0=516, t1=1010, text=suddenly realized that Carolyn Wilson of the OHA had stolen their security deposits in, t0=1010, t1=1114, text=Skip.of.tow.]",150.3889560699463,0.012659003036190766,Success
8428719649258172851.wav,11880.0,openai_whisper," When the tenants started sharing what had occurred to them, most of the families involved suddenly realized that Carolyn Wilson of the OHA had stolen their security deposits in Skiped out of town.",369.9162006378174,0.031137727326415603,Success
8428719649258172851.wav,11880.0,vosk,when the ten him started sharing what had occurred to them most of the families involved suddenly realize that carolyn wilson of the oj had stolen their security deposits and skipped out of town,863.6112213134766,0.07269454724860913,Success
8825060761685124473.wav,14760.0,mlx_whisper," The storm situated above 645 miles, 1,040 kilometers west of the Cape Verde Islands is likely to dissipate for threatening any atland areas for Caster Sea.",193.77684593200684,0.013128512597019434,Success
8825060761685124473.wav,14760.0,apple_speech,The storm situated above 645 miles 1040 km west of the Cape Verde Islands is likely to dissipate for threatening any Atlanta areas forecasters say,904.8202037811279,0.061302181827989695,Success
8825060761685124473.wav,14760.0,whisper_cpp,"[t0=0, t1=968, text=The storm situated about 645 miles, 1,040 kilometers west of the Cape Verde Islands, t0=968, t1=1376, text=is likely to dissipate for threatening any ant-land areas for Castercy.]",171.67186737060547,0.011630885323211753,Success
8825060761685124473.wav,14760.0,openai_whisper," The storm situated about 645 miles, 1,040 kilometers west of the Cape Verde Islands is likely to dissipate for threatening any ant-land areas for Caster C.",279.3583869934082,0.018926719986003267,Success
8825060761685124473.wav,14760.0,vosk,the storm situated above six hundred and forty five miles one thousand and forty kilometers west of the cape verde islands is likely to dissipate for threatening any it land areas forecasters say,962.3260498046875,0.06519824185668614,Success
9497296795891414546.wav,10380.0,mlx_whisper," Nature based tourism attracts people interested in visiting natural areas for the purpose of enjoying the scenery, including plant and animal wildlife.",180.81998825073242,0.017420037403731447,Success
9497296795891414546.wav,10380.0,apple_speech,Nature based tourism attracts people interested in visiting natural areas for the purpose of enjoying the scenery including plant and animal wildlife,503.3731460571289,0.048494522741534575,Success
9497296795891414546.wav,10380.0,whisper_cpp,"[t0=0, t1=1000, text=Nature-based tourism attracts people interested in visiting natural areas for the purpose of enjoying the scenery, including plant and animal wildlife.]",119.45295333862305,0.011507991651119754,Success
9497296795891414546.wav,10380.0,openai_whisper," Nature-based tourism attracts people interested in visiting natural areas for the purpose of enjoying the scenery, including plant and animal wildlife.",223.49286079406738,0.021531104122742523,Success
9497296795891414546.wav,10380.0,vosk,nature based tourism attracts people interested in visiting natural areas for the purpose of enjoying the scenery including plant and animal wildlife,783.9710712432861,0.07552707815445917,Success
9817241641784875546.wav,9480.0,mlx_whisper," An important industry for Venezuela is oil, where the country is a net exporter, even though only 1% work in the oil industry.",171.1881160736084,0.018057818151224515,Success
9817241641784875546.wav,9480.0,apple_speech,An important industry for Venezuelan is oil where the country is a net exporter even though only one percent work in the oil industry,504.0011405944824,0.05316467727789899,Success
9817241641784875546.wav,9480.0,whisper_cpp,"[t0=0, t1=592, text=An important industry for event as a waylands is oil, where the country is a net exporter,, t0=592, t1=852, text=even though only 1% work in the oil industry.]",156.2042236328125,0.01647723877983254,Success
9817241641784875546.wav,9480.0,openai_whisper," An important industry for event as a valence is oil, where the country is a net exporter, even though only 1% work in the oil industry.",259.077787399292,0.027328880527351475,Success
9817241641784875546.wav,9480.0,vosk,an important industry for venezuelans is oil or the country as a net exporter even though only one percent work in the oil industry,792.2589778900146,0.0835716221402969,Success
